timestep,order_parameter,avg_stationary
0,0.029114634657825593,0.02004055235911167
1,0.03515557976455747,0.02004055235911167
2,0.04117429401988208,0.02004055235911167
3,0.04207257549436167,0.02004055235911167
4,0.04207843038222561,0.02004055235911167
5,0.03912508222265482,0.02004055235911167
6,0.03845205058835399,0.02004055235911167
7,0.04247365170726786,0.02004055235911167
8,0.03424614520270644,0.02004055235911167
9,0.04032857325513064,0.02004055235911167
10,0.029663395417092907,0.02004055235911167
11,0.028703837899193344,0.02004055235911167
12,0.030203302743625763,0.02004055235911167
13,0.02214373103155207,0.02004055235911167
14,0.01947066499048425,0.02004055235911167
15,0.017817656056872546,0.02004055235911167
16,0.02110786742674735,0.02004055235911167
17,0.022077838841248042,0.02004055235911167
18,0.023226564391265664,0.02004055235911167
19,0.027621747651874563,0.02004055235911167
20,0.02997352193668506,0.02004055235911167
21,0.030582455196250462,0.02004055235911167
22,0.029730886124545594,0.02004055235911167
23,0.021475801185152993,0.02004055235911167
24,0.013546628883180332,0.02004055235911167
25,0.019845428597731023,0.02004055235911167
26,0.022660014116377095,0.02004055235911167
27,0.03493007623860192,0.02004055235911167
28,0.03619149575669927,0.02004055235911167
29,0.03526583583067286,0.02004055235911167
30,0.038428496492582766,0.02004055235911167
31,0.04921451380998764,0.02004055235911167
32,0.047954039808387486,0.02004055235911167
33,0.046487355852557734,0.02004055235911167
34,0.04840282995172786,0.02004055235911167
35,0.03920032386991033,0.02004055235911167
36,0.030729487920046743,0.02004055235911167
37,0.03658583960443237,0.02004055235911167
38,0.028944680972583393,0.02004055235911167
39,0.0325530498680783,0.02004055235911167
40,0.03451879717822584,0.02004055235911167
41,0.043062456092796,0.02004055235911167
42,0.04287556984217263,0.02004055235911167
43,0.04109041194948681,0.02004055235911167
44,0.028528355461493907,0.02004055235911167
45,0.034773592421257986,0.02004055235911167
46,0.0347621448915647,0.02004055235911167
47,0.03452132035792401,0.02004055235911167
48,0.025465629148886816,0.02004055235911167
49,0.02669012188168666,0.02004055235911167
50,0.025262607654827872,0.02004055235911167
51,0.020633200976213968,0.02004055235911167
52,0.025898491802729077,0.02004055235911167
53,0.025579614412641248,0.02004055235911167
54,0.0247554739270183,0.02004055235911167
55,0.02892899995361605,0.02004055235911167
56,0.03959401509221577,0.02004055235911167
57,0.0275428165897177,0.02004055235911167
58,0.03319113947608478,0.02004055235911167
59,0.034240023455514655,0.02004055235911167
60,0.02931550850619001,0.02004055235911167
61,0.02183941009399852,0.02004055235911167
62,0.02012671354569947,0.02004055235911167
63,0.017676386829870397,0.02004055235911167
64,0.020148139691213835,0.02004055235911167
65,0.015137131635351755,0.02004055235911167
66,0.016193948276839957,0.02004055235911167
67,0.0110695802574939,0.02004055235911167
68,0.01874833852414805,0.02004055235911167
69,0.025027617571586627,0.02004055235911167
70,0.025031501540678236,0.02004055235911167
71,0.019586209381709543,0.02004055235911167
72,0.022688977269605955,0.02004055235911167
73,0.021476036978006204,0.02004055235911167
74,0.01841155785409643,0.02004055235911167
75,0.014621921463198989,0.02004055235911167
76,0.013879589680663829,0.02004055235911167
77,0.012154709856463443,0.02004055235911167
78,0.012452557919120269,0.02004055235911167
79,0.01988856767628628,0.02004055235911167
80,0.013655835089823033,0.02004055235911167
81,0.011472592004778766,0.02004055235911167
82,0.009250467409447903,0.02004055235911167
83,0.01198184298635481,0.02004055235911167
84,0.011043736129223977,0.02004055235911167
85,0.015666686065165008,0.02004055235911167
86,0.02171292032516901,0.02004055235911167
87,0.024510295681239188,0.02004055235911167
88,0.02835543152385049,0.02004055235911167
89,0.020025253567223032,0.02004055235911167
90,0.021225331564518807,0.02004055235911167
91,0.027657179018695216,0.02004055235911167
92,0.025228756786689514,0.02004055235911167
93,0.025592413171574208,0.02004055235911167
94,0.021392152023914066,0.02004055235911167
95,0.011852233087164255,0.02004055235911167
96,0.005464324039596944,0.02004055235911167
97,0.015372092940185263,0.02004055235911167
98,0.012544232136301557,0.02004055235911167
99,0.015269574478873739,0.02004055235911167
100,0.015961502268093255,0.02004055235911167
101,0.014641751648507681,0.02004055235911167
102,0.011646253018563263,0.02004055235911167
103,0.013713503300225818,0.02004055235911167
104,0.018590051784677354,0.02004055235911167
105,0.018054270993235737,0.02004055235911167
106,0.016878125751946728,0.02004055235911167
107,0.023133682528735725,0.02004055235911167
108,0.02587587951328819,0.02004055235911167
109,0.022843957058200026,0.02004055235911167
110,0.02828962259039167,0.02004055235911167
111,0.03262165415854422,0.02004055235911167
112,0.026720801277203284,0.02004055235911167
113,0.03349464018963572,0.02004055235911167
114,0.022228426354863752,0.02004055235911167
115,0.02200286168634382,0.02004055235911167
116,0.02311220028729122,0.02004055235911167
117,0.025097888416008893,0.02004055235911167
118,0.024677773689858108,0.02004055235911167
119,0.012840780687873811,0.02004055235911167
120,0.008147504849451469,0.02004055235911167
121,0.01530532486180438,0.02004055235911167
122,0.027164024924841785,0.02004055235911167
123,0.020030013579360125,0.02004055235911167
124,0.03098838127189622,0.02004055235911167
125,0.026297560879547384,0.02004055235911167
126,0.029207788690114474,0.02004055235911167
127,0.028698390813651768,0.02004055235911167
128,0.030140715040008197,0.02004055235911167
129,0.03388449988237969,0.02004055235911167
130,0.03793719427308485,0.02004055235911167
131,0.035374511500106946,0.02004055235911167
132,0.027245527237872175,0.02004055235911167
133,0.029682050627349486,0.02004055235911167
134,0.03048032508497565,0.02004055235911167
135,0.03420168508833868,0.02004055235911167
136,0.03551773145586215,0.02004055235911167
137,0.033393079851925175,0.02004055235911167
138,0.02909641872393961,0.02004055235911167
139,0.03213201390342013,0.02004055235911167
140,0.024724373696042908,0.02004055235911167
141,0.028493452020547688,0.02004055235911167
142,0.034807167116107915,0.02004055235911167
143,0.026805034138252647,0.02004055235911167
144,0.018658605014463158,0.02004055235911167
145,0.019437198419464684,0.02004055235911167
146,0.024207124082696322,0.02004055235911167
147,0.022535450613318114,0.02004055235911167
148,0.019081020665206637,0.02004055235911167
149,0.01634522344639384,0.02004055235911167
150,0.017749695776202522,0.02004055235911167
151,0.015650382381195434,0.02004055235911167
152,0.008691896575846604,0.02004055235911167
153,0.011682498993095378,0.02004055235911167
154,0.02378338921188461,0.02004055235911167
155,0.029043832102570773,0.02004055235911167
156,0.020448375841291114,0.02004055235911167
157,0.02613374035279435,0.02004055235911167
158,0.032343101228135406,0.02004055235911167
159,0.024187531546646785,0.02004055235911167
160,0.020197805896533267,0.02004055235911167
161,0.021165876697978973,0.02004055235911167
162,0.019987817784188438,0.02004055235911167
163,0.023690800422149643,0.02004055235911167
164,0.024555468848785462,0.02004055235911167
165,0.01904854671187029,0.02004055235911167
166,0.011408136880605877,0.02004055235911167
167,0.013218557290677436,0.02004055235911167
168,0.012714198844732105,0.02004055235911167
169,0.008668531685573315,0.02004055235911167
170,0.009493325515023285,0.02004055235911167
171,0.010916676925279046,0.02004055235911167
172,0.007773788296488462,0.02004055235911167
173,0.009800788558532352,0.02004055235911167
174,0.005417622712851389,0.02004055235911167
175,0.008687483746270938,0.02004055235911167
176,0.007663496171607383,0.02004055235911167
177,0.011441858918440191,0.02004055235911167
178,0.005243890244232852,0.02004055235911167
179,0.009589326166268982,0.02004055235911167
180,0.01138866876162359,0.02004055235911167
181,0.01346690705282246,0.02004055235911167
182,0.01814010381432867,0.02004055235911167
183,0.012636523444813724,0.02004055235911167
184,0.012888433140299263,0.02004055235911167
185,0.021464519437979158,0.02004055235911167
186,0.023325126420200026,0.02004055235911167
187,0.013320324391275394,0.02004055235911167
188,0.006248506488274204,0.02004055235911167
189,0.004097184629978694,0.02004055235911167
190,0.01713252072575879,0.02004055235911167
191,0.008364168906847193,0.02004055235911167
192,0.0031646849114455194,0.02004055235911167
193,0.013653011110593607,0.02004055235911167
194,0.010013129609877562,0.02004055235911167
195,0.014291878687291693,0.02004055235911167
196,0.006546273243496701,0.02004055235911167
197,0.014465073736187729,0.02004055235911167
198,0.011133675341338625,0.02004055235911167
199,0.007747739001660616,0.02004055235911167
200,0.01736171703054076,0.02004055235911167
201,0.014503173817558836,0.02004055235911167
202,0.011496784892705461,0.02004055235911167
203,0.008855503590503497,0.02004055235911167
204,0.004324633163148665,0.02004055235911167
205,0.005012341674404041,0.02004055235911167
206,0.004027237213904551,0.02004055235911167
207,0.004134169598499727,0.02004055235911167
208,0.009799510377712727,0.02004055235911167
209,0.005888107402656388,0.02004055235911167
210,0.00781411092981941,0.02004055235911167
211,0.008833568028911113,0.02004055235911167
212,0.020527404151967906,0.02004055235911167
213,0.019858736663151445,0.02004055235911167
214,0.014121045774809101,0.02004055235911167
215,0.01362904446101101,0.02004055235911167
216,0.004113006607869804,0.02004055235911167
217,0.006238449586833758,0.02004055235911167
218,0.009009135133349451,0.02004055235911167
219,0.011586489782475364,0.02004055235911167
220,0.009274432818147747,0.02004055235911167
221,0.014035331168980978,0.02004055235911167
222,0.01856938965403984,0.02004055235911167
223,0.01408540768058867,0.02004055235911167
224,0.011205426154732037,0.02004055235911167
225,0.017220157297947267,0.02004055235911167
226,0.019671217071704054,0.02004055235911167
227,0.02235099482806513,0.02004055235911167
228,0.015799912913430126,0.02004055235911167
229,0.011979147575091383,0.02004055235911167
230,0.008655593567456347,0.02004055235911167
231,0.009332102582204332,0.02004055235911167
232,0.00215153271463434,0.02004055235911167
233,0.005208567396423352,0.02004055235911167
234,0.0004786859892642728,0.02004055235911167
235,0.0029701652375405327,0.02004055235911167
236,0.010837999216754133,0.02004055235911167
237,0.011541212594683136,0.02004055235911167
238,0.008424152095775891,0.02004055235911167
239,0.015777986273870098,0.02004055235911167
240,0.019499047127220306,0.02004055235911167
241,0.027437895143930566,0.02004055235911167
242,0.026741345527386065,0.02004055235911167
243,0.023578387181795328,0.02004055235911167
244,0.02041725700186762,0.02004055235911167
245,0.015235300679736897,0.02004055235911167
246,0.017915456215370773,0.02004055235911167
247,0.025194262852036513,0.02004055235911167
248,0.020915670938968744,0.02004055235911167
249,0.021066436695559777,0.02004055235911167
250,0.02368761635633174,0.02004055235911167
251,0.026708550665082483,0.02004055235911167
252,0.035348135129282934,0.02004055235911167
253,0.030955871410590724,0.02004055235911167
254,0.026803595120635796,0.02004055235911167
255,0.01725483053168101,0.02004055235911167
256,0.016629973751476908,0.02004055235911167
257,0.014605015983251098,0.02004055235911167
258,0.017436663540211516,0.02004055235911167
259,0.016054181330072543,0.02004055235911167
260,0.01625116679683584,0.02004055235911167
261,0.010186757852666714,0.02004055235911167
262,0.014762380324276935,0.02004055235911167
263,0.025136933643138088,0.02004055235911167
264,0.030815206214560895,0.02004055235911167
265,0.03001817722108525,0.02004055235911167
266,0.0344790053947653,0.02004055235911167
267,0.037168149571245826,0.02004055235911167
268,0.034366273264162944,0.02004055235911167
269,0.02827598884407253,0.02004055235911167
270,0.020988591332310458,0.02004055235911167
271,0.020467869442619396,0.02004055235911167
272,0.0205880638998594,0.02004055235911167
273,0.025148599760278105,0.02004055235911167
274,0.022876314841832456,0.02004055235911167
275,0.020355650301520475,0.02004055235911167
276,0.017717058757894637,0.02004055235911167
277,0.013160699805202352,0.02004055235911167
278,0.012130024969082638,0.02004055235911167
279,0.01589948869797456,0.02004055235911167
280,0.014346508388990604,0.02004055235911167
281,0.008427858073885386,0.02004055235911167
282,0.0069136783770023715,0.02004055235911167
283,0.007584077359651594,0.02004055235911167
284,0.005823184645896976,0.02004055235911167
285,0.015377642845111927,0.02004055235911167
286,0.01443161144593841,0.02004055235911167
287,0.015196960625317923,0.02004055235911167
288,0.013738932916166614,0.02004055235911167
289,0.016771981979071825,0.02004055235911167
290,0.019872391887024585,0.02004055235911167
291,0.016745485620573902,0.02004055235911167
292,0.016095973899884965,0.02004055235911167
293,0.01685748545704834,0.02004055235911167
294,0.010575521502785257,0.02004055235911167
295,0.00993256019551761,0.02004055235911167
296,0.015803692404745023,0.02004055235911167
297,0.017208058297219924,0.02004055235911167
298,0.02210728324512547,0.02004055235911167
299,0.011601482927773894,0.02004055235911167
300,0.017139285698280177,0.02004055235911167
301,0.014269069268064183,0.02004055235911167
302,0.013590183189885268,0.02004055235911167
303,0.01857353488356,0.02004055235911167
304,0.018756462455890004,0.02004055235911167
305,0.014829409189781876,0.02004055235911167
306,0.017694639940419036,0.02004055235911167
307,0.016675656568605174,0.02004055235911167
308,0.019354039966933065,0.02004055235911167
309,0.028172100453427794,0.02004055235911167
310,0.02195054764913401,0.02004055235911167
311,0.015073798277679783,0.02004055235911167
312,0.015259293513045155,0.02004055235911167
313,0.01411014814783884,0.02004055235911167
314,0.02312904711489527,0.02004055235911167
315,0.030311803456874415,0.02004055235911167
316,0.020563427552447673,0.02004055235911167
317,0.020141565286511537,0.02004055235911167
318,0.02692811308988194,0.02004055235911167
319,0.02898560252973942,0.02004055235911167
320,0.04198827679477215,0.02004055235911167
321,0.045308879704625125,0.02004055235911167
322,0.04457754406769497,0.02004055235911167
323,0.03984743639924417,0.02004055235911167
324,0.03807993418113711,0.02004055235911167
325,0.026773159805118418,0.02004055235911167
326,0.020643704634639187,0.02004055235911167
327,0.022913576896685287,0.02004055235911167
328,0.015606295842389714,0.02004055235911167
329,0.01878894013232079,0.02004055235911167
330,0.019032030213641412,0.02004055235911167
331,0.020410506449472655,0.02004055235911167
332,0.011297959257497596,0.02004055235911167
333,0.008125013712486766,0.02004055235911167
334,0.019108185457427197,0.02004055235911167
335,0.013966939139779961,0.02004055235911167
336,0.016127066255401015,0.02004055235911167
337,0.015336193016507467,0.02004055235911167
338,0.014607833591800328,0.02004055235911167
339,0.021431626478920572,0.02004055235911167
340,0.023908721593139795,0.02004055235911167
341,0.01510992463108146,0.02004055235911167
342,0.015059416507820063,0.02004055235911167
343,0.011582142541501583,0.02004055235911167
344,0.0087405646586797,0.02004055235911167
345,0.007865387713504538,0.02004055235911167
346,0.009022698551259716,0.02004055235911167
347,0.009777924060944741,0.02004055235911167
348,0.005788803226938549,0.02004055235911167
349,0.013732170177343033,0.02004055235911167
350,0.023151744133534165,0.02004055235911167
351,0.020031130867675422,0.02004055235911167
352,0.016127409519802266,0.02004055235911167
353,0.019946686248685026,0.02004055235911167
354,0.020063202883063565,0.02004055235911167
355,0.0235741697502231,0.02004055235911167
356,0.02382240689223405,0.02004055235911167
357,0.022776848628570278,0.02004055235911167
358,0.028487868925186764,0.02004055235911167
359,0.028894231793137645,0.02004055235911167
360,0.03343332216165071,0.02004055235911167
361,0.03355043394031341,0.02004055235911167
362,0.025627407517722293,0.02004055235911167
363,0.03073247239312605,0.02004055235911167
364,0.027780353079254402,0.02004055235911167
365,0.023639478565706872,0.02004055235911167
366,0.02084901164702092,0.02004055235911167
367,0.011667754066559876,0.02004055235911167
368,0.020846514850645082,0.02004055235911167
369,0.018070598250594826,0.02004055235911167
370,0.00918860143653352,0.02004055235911167
371,0.005927255387659023,0.02004055235911167
372,0.010477081467186468,0.02004055235911167
373,0.017614240094692268,0.02004055235911167
374,0.017546551022040464,0.02004055235911167
375,0.019498530344799692,0.02004055235911167
376,0.0060626361149835484,0.02004055235911167
377,0.01359969231590752,0.02004055235911167
378,0.010352772162267595,0.02004055235911167
379,0.01348718510774337,0.02004055235911167
380,0.008387798767376019,0.02004055235911167
381,0.009379789063425185,0.02004055235911167
382,0.013815830367379659,0.02004055235911167
383,0.018121218729346043,0.02004055235911167
384,0.011105826253521543,0.02004055235911167
385,0.023258083120431094,0.02004055235911167
386,0.02518767028625214,0.02004055235911167
387,0.02455827180063495,0.02004055235911167
388,0.026622912588080267,0.02004055235911167
389,0.02652060916025668,0.02004055235911167
390,0.026088777142327588,0.02004055235911167
391,0.029843850997656716,0.02004055235911167
392,0.029677037541333637,0.02004055235911167
393,0.027625888898748303,0.02004055235911167
394,0.030114895588993197,0.02004055235911167
395,0.027393015379406756,0.02004055235911167
396,0.032347933976238044,0.02004055235911167
397,0.04137899791534066,0.02004055235911167
398,0.04567977191455771,0.02004055235911167
399,0.04170646550634617,0.02004055235911167
400,0.040647604582471464,0.02004055235911167
401,0.04897233009202583,0.02004055235911167
402,0.04906483088315729,0.02004055235911167
403,0.041858281013762384,0.02004055235911167
404,0.05158394637565551,0.02004055235911167
405,0.05261966136820402,0.02004055235911167
406,0.036854558737793135,0.02004055235911167
407,0.02091007670714499,0.02004055235911167
408,0.02290174690715666,0.02004055235911167
409,0.019163368987004707,0.02004055235911167
410,0.022826402724488427,0.02004055235911167
411,0.019914502173642875,0.02004055235911167
412,0.019083123217641475,0.02004055235911167
413,0.019267177717235826,0.02004055235911167
414,0.011377794809679535,0.02004055235911167
415,0.01235211410892037,0.02004055235911167
416,0.018147165908556227,0.02004055235911167
417,0.012676114594978699,0.02004055235911167
418,0.008121509356138428,0.02004055235911167
419,0.008396171761575668,0.02004055235911167
420,0.013169912814172641,0.02004055235911167
421,0.017331727416886558,0.02004055235911167
422,0.025770729139721844,0.02004055235911167
423,0.03161589936404721,0.02004055235911167
424,0.024336278316719473,0.02004055235911167
425,0.0223256379746642,0.02004055235911167
426,0.020827093608714892,0.02004055235911167
427,0.022557859750634384,0.02004055235911167
428,0.01105755646634197,0.02004055235911167
429,0.007761984966287769,0.02004055235911167
430,0.008257818235148177,0.02004055235911167
431,0.0023654085466904905,0.02004055235911167
432,0.007615484812837784,0.02004055235911167
433,0.004478868095644027,0.02004055235911167
434,0.008353580633697228,0.02004055235911167
435,0.007859175553945769,0.02004055235911167
436,0.007556507373966252,0.02004055235911167
437,0.007157508796600222,0.02004055235911167
438,0.008967332339346374,0.02004055235911167
439,0.007364279981291454,0.02004055235911167
440,0.013332527153901043,0.02004055235911167
441,0.011988775925663117,0.02004055235911167
442,0.010429762055544065,0.02004055235911167
443,0.010633464917219733,0.02004055235911167
444,0.010726352198361476,0.02004055235911167
445,0.014820714559856677,0.02004055235911167
446,0.016539945800246626,0.02004055235911167
447,0.020219954489465633,0.02004055235911167
448,0.024023497217480917,0.02004055235911167
449,0.02212861302058346,0.02004055235911167
450,0.021611271324311534,0.02004055235911167
451,0.025800446750069907,0.02004055235911167
452,0.0180563715190482,0.02004055235911167
453,0.022482081846684147,0.02004055235911167
454,0.025060601692924345,0.02004055235911167
455,0.02461350784754482,0.02004055235911167
456,0.030027721897181107,0.02004055235911167
457,0.038801778559686424,0.02004055235911167
458,0.03212281386352838,0.02004055235911167
459,0.02742963556440106,0.02004055235911167
460,0.02870489465938358,0.02004055235911167
461,0.023866599249385133,0.02004055235911167
462,0.0157005998847931,0.02004055235911167
463,0.016625790784366587,0.02004055235911167
464,0.027125496238589772,0.02004055235911167
465,0.034428044141410166,0.02004055235911167
466,0.0303933925873857,0.02004055235911167
467,0.02902751212799164,0.02004055235911167
468,0.030026876800507956,0.02004055235911167
469,0.027803118069816418,0.02004055235911167
470,0.0252163942492919,0.02004055235911167
471,0.023916076702002943,0.02004055235911167
472,0.030693452388254064,0.02004055235911167
473,0.026851299285522875,0.02004055235911167
474,0.03033827213849991,0.02004055235911167
475,0.025352592192551524,0.02004055235911167
476,0.016176148128572543,0.02004055235911167
477,0.019329659178669,0.02004055235911167
478,0.012678805279457889,0.02004055235911167
479,0.009526424782369609,0.02004055235911167
480,0.01482392861750864,0.02004055235911167
481,0.011363814074797224,0.02004055235911167
482,0.0058182824594422014,0.02004055235911167
483,0.013730126023146796,0.02004055235911167
484,0.01584211267070713,0.02004055235911167
485,0.017018409645969672,0.02004055235911167
486,0.024767646354762703,0.02004055235911167
487,0.018426424551056936,0.02004055235911167
488,0.028504780244033648,0.02004055235911167
489,0.023621299999833183,0.02004055235911167
490,0.019781803203049918,0.02004055235911167
491,0.016265476301685313,0.02004055235911167
492,0.020364782061359676,0.02004055235911167
493,0.02224394514134851,0.02004055235911167
494,0.015492993480861549,0.02004055235911167
495,0.01253044502326692,0.02004055235911167
496,0.01154734674702439,0.02004055235911167
497,0.004585466279875367,0.02004055235911167
498,0.011043580587201193,0.02004055235911167
499,0.013830411473163433,0.02004055235911167
500,0.014772360072390363,0.02004055235911167
501,0.01742019651659624,0.02004055235911167
502,0.017718404064417874,0.02004055235911167
503,0.013117343754047656,0.02004055235911167
504,0.003944975464888712,0.02004055235911167
505,0.012411394813901609,0.02004055235911167
506,0.01476997797908214,0.02004055235911167
507,0.019977070598493636,0.02004055235911167
508,0.018184653809760313,0.02004055235911167
509,0.02071757788203668,0.02004055235911167
510,0.02041469555180796,0.02004055235911167
511,0.014167768148675089,0.02004055235911167
512,0.011092363519243456,0.02004055235911167
513,0.018898945671396418,0.02004055235911167
514,0.022649787224050526,0.02004055235911167
515,0.022005610819723697,0.02004055235911167
516,0.01602524226467014,0.02004055235911167
517,0.009920867307438033,0.02004055235911167
518,0.0016484779290331644,0.02004055235911167
519,0.009027629789419098,0.02004055235911167
520,0.019238750719030435,0.02004055235911167
521,0.022576478722418632,0.02004055235911167
522,0.0139983447376415,0.02004055235911167
523,0.009598195534144332,0.02004055235911167
524,0.006098495524479359,0.02004055235911167
525,0.004093554737008636,0.02004055235911167
526,0.008516669333090233,0.02004055235911167
527,0.009064970440006285,0.02004055235911167
528,0.012210318098779534,0.02004055235911167
529,0.005016315865183634,0.02004055235911167
530,0.003827214319982159,0.02004055235911167
531,0.0073570617068604155,0.02004055235911167
532,0.011687433801923467,0.02004055235911167
533,0.013176724707745205,0.02004055235911167
534,0.006801278305392526,0.02004055235911167
535,0.0008426072646439853,0.02004055235911167
536,0.0034275429682505947,0.02004055235911167
537,0.007590048079464208,0.02004055235911167
538,0.006282105412068393,0.02004055235911167
539,0.018020251266893467,0.02004055235911167
540,0.011065159981752741,0.02004055235911167
541,0.017139276826978977,0.02004055235911167
542,0.014586174870162083,0.02004055235911167
543,0.011145788329091048,0.02004055235911167
544,0.0041046128607450695,0.02004055235911167
545,0.0037472438824387895,0.02004055235911167
546,0.0077307715574731935,0.02004055235911167
547,0.012146321247717206,0.02004055235911167
548,0.01649517850850068,0.02004055235911167
549,0.01780474135663424,0.02004055235911167
550,0.015324564024526624,0.02004055235911167
551,0.018399751836612837,0.02004055235911167
552,0.017866428435556813,0.02004055235911167
553,0.013678779979833269,0.02004055235911167
554,0.017333274541384884,0.02004055235911167
555,0.023018944333633395,0.02004055235911167
556,0.0224963023868272,0.02004055235911167
557,0.017129217127831275,0.02004055235911167
558,0.010301849747291973,0.02004055235911167
559,0.018407183276607307,0.02004055235911167
560,0.02162228025859904,0.02004055235911167
561,0.012760497790648404,0.02004055235911167
562,0.022619689250382578,0.02004055235911167
563,0.030798957870282806,0.02004055235911167
564,0.03723872912635674,0.02004055235911167
565,0.029358445506218443,0.02004055235911167
566,0.025048991667509166,0.02004055235911167
567,0.024714601958675156,0.02004055235911167
568,0.02705859320549308,0.02004055235911167
569,0.024950560237660777,0.02004055235911167
570,0.02219228221565339,0.02004055235911167
571,0.022153357896091505,0.02004055235911167
572,0.02651077773031685,0.02004055235911167
573,0.024000996667297457,0.02004055235911167
574,0.03213976769766319,0.02004055235911167
575,0.029651279753148872,0.02004055235911167
576,0.03177344645696326,0.02004055235911167
577,0.02311305994176785,0.02004055235911167
578,0.016535906989954968,0.02004055235911167
579,0.015975532092238783,0.02004055235911167
580,0.020953166401215462,0.02004055235911167
581,0.021557870684215545,0.02004055235911167
582,0.020912458453701196,0.02004055235911167
583,0.02028579364642853,0.02004055235911167
584,0.023551521761541384,0.02004055235911167
585,0.024745077312298303,0.02004055235911167
586,0.03049462020295382,0.02004055235911167
587,0.036521244158587755,0.02004055235911167
588,0.038715510204276805,0.02004055235911167
589,0.03562780903906914,0.02004055235911167
590,0.03283050847945791,0.02004055235911167
591,0.036160660972077104,0.02004055235911167
592,0.034655444010307075,0.02004055235911167
593,0.03841347114325505,0.02004055235911167
594,0.03347596813024597,0.02004055235911167
595,0.026771863347408123,0.02004055235911167
596,0.030762098282998716,0.02004055235911167
597,0.029810157214583754,0.02004055235911167
598,0.03082423284363634,0.02004055235911167
599,0.03244300414169937,0.02004055235911167
600,0.030064253965187318,0.02004055235911167
601,0.03869889915987025,0.02004055235911167
602,0.033617991952132005,0.02004055235911167
603,0.030900467241058844,0.02004055235911167
604,0.02670578183845488,0.02004055235911167
605,0.02856454964964479,0.02004055235911167
606,0.01714388127228496,0.02004055235911167
607,0.013996140477007434,0.02004055235911167
608,0.010881918256544904,0.02004055235911167
609,0.008123238018553035,0.02004055235911167
610,0.008591208367498136,0.02004055235911167
611,0.012147963872957532,0.02004055235911167
612,0.013032857685983274,0.02004055235911167
613,0.01094297879362701,0.02004055235911167
614,0.0025223855221215654,0.02004055235911167
615,0.010670199183809842,0.02004055235911167
616,0.015609615712577934,0.02004055235911167
617,0.020915386132772565,0.02004055235911167
618,0.023956738375439518,0.02004055235911167
619,0.019449614662316497,0.02004055235911167
620,0.023024237614473725,0.02004055235911167
621,0.02607825608506572,0.02004055235911167
622,0.01703057640584137,0.02004055235911167
623,0.01219392322869923,0.02004055235911167
624,0.014220837251074318,0.02004055235911167
625,0.011203025980114661,0.02004055235911167
626,0.010897940496113503,0.02004055235911167
627,0.002588212603275167,0.02004055235911167
628,0.00607553233556897,0.02004055235911167
629,0.0098905174192224,0.02004055235911167
630,0.011395522867593407,0.02004055235911167
631,0.01626387077496355,0.02004055235911167
632,0.014641352793042206,0.02004055235911167
633,0.013551205761906864,0.02004055235911167
634,0.011352058716076753,0.02004055235911167
635,0.013228540114657811,0.02004055235911167
636,0.020446171133827143,0.02004055235911167
637,0.02078230947499209,0.02004055235911167
638,0.016640043120059782,0.02004055235911167
639,0.013210385669739321,0.02004055235911167
640,0.015922546624462026,0.02004055235911167
641,0.018127042590808305,0.02004055235911167
642,0.02135243949988845,0.02004055235911167
643,0.021483725361737618,0.02004055235911167
644,0.015373769612697166,0.02004055235911167
645,0.01281932017792935,0.02004055235911167
646,0.007408936931211185,0.02004055235911167
647,0.006904911985922327,0.02004055235911167
648,0.006236168140150073,0.02004055235911167
649,0.010897162028783585,0.02004055235911167
650,0.017046215497634055,0.02004055235911167
651,0.015404523588221728,0.02004055235911167
652,0.008238365696559244,0.02004055235911167
653,0.012132840086947698,0.02004055235911167
654,0.018748122705919884,0.02004055235911167
655,0.020463301757801304,0.02004055235911167
656,0.013217370826614741,0.02004055235911167
657,0.021296989490199605,0.02004055235911167
658,0.020912723163976348,0.02004055235911167
659,0.029014743791603095,0.02004055235911167
660,0.030487752746128263,0.02004055235911167
661,0.03357733296849143,0.02004055235911167
662,0.02954989835255366,0.02004055235911167
663,0.0318420791921032,0.02004055235911167
664,0.033040850660168396,0.02004055235911167
665,0.03537684318988159,0.02004055235911167
666,0.034706734416680964,0.02004055235911167
667,0.02341845316392206,0.02004055235911167
668,0.03216754308299318,0.02004055235911167
669,0.035030100674201724,0.02004055235911167
670,0.03337558518801523,0.02004055235911167
671,0.02176686225506773,0.02004055235911167
672,0.0255155894946786,0.02004055235911167
673,0.029120837387423864,0.02004055235911167
674,0.031536802912353445,0.02004055235911167
675,0.02604950870424821,0.02004055235911167
676,0.031863602113208246,0.02004055235911167
677,0.03462773090286776,0.02004055235911167
678,0.03876924543994002,0.02004055235911167
679,0.04229984350699099,0.02004055235911167
680,0.03336223156016208,0.02004055235911167
681,0.024038174156322353,0.02004055235911167
682,0.03310545529799996,0.02004055235911167
683,0.029990347133113,0.02004055235911167
684,0.031835802552356,0.02004055235911167
685,0.04303175031333964,0.02004055235911167
686,0.044446204997469214,0.02004055235911167
687,0.03732104733732709,0.02004055235911167
688,0.042888417136681074,0.02004055235911167
689,0.03953720177272718,0.02004055235911167
690,0.032020685048293286,0.02004055235911167
691,0.0278580995312057,0.02004055235911167
692,0.03638812463144908,0.02004055235911167
693,0.04366420172669591,0.02004055235911167
694,0.030492162578090284,0.02004055235911167
695,0.03370661807676386,0.02004055235911167
696,0.03649204625403183,0.02004055235911167
697,0.03217889094345575,0.02004055235911167
698,0.03306681224920291,0.02004055235911167
699,0.038249858685385586,0.02004055235911167
700,0.044270856553010676,0.02004055235911167
701,0.04155404633990557,0.02004055235911167
702,0.035779661964534956,0.02004055235911167
703,0.03720451119891975,0.02004055235911167
704,0.04072055968333957,0.02004055235911167
705,0.03905232643917545,0.02004055235911167
706,0.030476097444201176,0.02004055235911167
707,0.034856163706530746,0.02004055235911167
708,0.03221857985024472,0.02004055235911167
709,0.032458521284687375,0.02004055235911167
710,0.0314279746248013,0.02004055235911167
711,0.03477158861913659,0.02004055235911167
712,0.03753390216643074,0.02004055235911167
713,0.04399843859526108,0.02004055235911167
714,0.04255461801522595,0.02004055235911167
715,0.04565842093365297,0.02004055235911167
716,0.05332519039014347,0.02004055235911167
717,0.03694393470222554,0.02004055235911167
718,0.02869982497206873,0.02004055235911167
719,0.01958683453295679,0.02004055235911167
720,0.020864891158902745,0.02004055235911167
721,0.019778229223790533,0.02004055235911167
722,0.006739563179958662,0.02004055235911167
723,0.013680873285561026,0.02004055235911167
724,0.012485193450649835,0.02004055235911167
725,0.015007040242985015,0.02004055235911167
726,0.010997345496777947,0.02004055235911167
727,0.013379293603197546,0.02004055235911167
728,0.009443931343908496,0.02004055235911167
729,0.007770358235396714,0.02004055235911167
730,0.009902999936727363,0.02004055235911167
731,0.0043020253223791105,0.02004055235911167
732,0.0015231180489448156,0.02004055235911167
733,0.0025232924377079037,0.02004055235911167
734,0.004139273140075353,0.02004055235911167
735,0.004365496371002384,0.02004055235911167
736,0.0035340724732658567,0.02004055235911167
737,0.012302498415290079,0.02004055235911167
738,0.010816118348039479,0.02004055235911167
739,0.006511448962226,0.02004055235911167
740,0.0034236761307685614,0.02004055235911167
741,0.0091113772933529,0.02004055235911167
742,0.011454159065362738,0.02004055235911167
743,0.0013597372200390007,0.02004055235911167
744,0.010448288356992708,0.02004055235911167
745,0.012764281839608375,0.02004055235911167
746,0.012253101591103752,0.02004055235911167
747,0.007612341820984013,0.02004055235911167
748,0.012610847129020086,0.02004055235911167
749,0.011803109309790984,0.02004055235911167
750,0.010887762885330339,0.02004055235911167
751,0.011524290586836494,0.02004055235911167
752,0.014032411785035413,0.02004055235911167
753,0.01801881107354409,0.02004055235911167
754,0.02161685325960141,0.02004055235911167
755,0.021897258647656466,0.02004055235911167
756,0.01973482670238158,0.02004055235911167
757,0.015506549168439243,0.02004055235911167
758,0.0185429803259671,0.02004055235911167
759,0.01284927339906187,0.02004055235911167
760,0.012788084757158215,0.02004055235911167
761,0.010799073935521606,0.02004055235911167
762,0.01237892337835557,0.02004055235911167
763,0.01973772852371189,0.02004055235911167
764,0.025003320698736457,0.02004055235911167
765,0.02739630390979729,0.02004055235911167
766,0.02388627902352082,0.02004055235911167
767,0.01736397904325428,0.02004055235911167
768,0.011138573626973266,0.02004055235911167
769,0.006432242981359712,0.02004055235911167
770,0.009682794007859133,0.02004055235911167
771,0.01115040153218775,0.02004055235911167
772,0.01082536678951211,0.02004055235911167
773,0.018356564920011642,0.02004055235911167
774,0.017772068489095127,0.02004055235911167
775,0.019063773066724233,0.02004055235911167
776,0.014177401966105766,0.02004055235911167
777,0.007899748740486101,0.02004055235911167
778,0.018037681638408666,0.02004055235911167
779,0.018578737953706275,0.02004055235911167
780,0.0185686775215467,0.02004055235911167
781,0.015666030234790917,0.02004055235911167
782,0.013266094555822809,0.02004055235911167
783,0.010913997561374813,0.02004055235911167
784,0.013314862232898813,0.02004055235911167
785,0.011546631518692806,0.02004055235911167
786,0.022192241674994267,0.02004055235911167
787,0.015136272711090203,0.02004055235911167
788,0.018161731296200682,0.02004055235911167
789,0.01817493391138446,0.02004055235911167
790,0.016624233304923842,0.02004055235911167
791,0.013719219115474215,0.02004055235911167
792,0.02004454375325416,0.02004055235911167
793,0.01793688566160148,0.02004055235911167
794,0.0196724696227797,0.02004055235911167
795,0.023661764368190976,0.02004055235911167
796,0.02029498101456149,0.02004055235911167
797,0.028765217006838407,0.02004055235911167
798,0.029408365748644916,0.02004055235911167
799,0.028279832235884424,0.02004055235911167
800,0.029817039009276926,0.02004055235911167
801,0.0241888676973504,0.02004055235911167
802,0.023165488457068558,0.02004055235911167
803,0.019723097514419648,0.02004055235911167
804,0.022894235928638453,0.02004055235911167
805,0.02591391589530366,0.02004055235911167
806,0.024929286523570827,0.02004055235911167
807,0.025628518213289295,0.02004055235911167
808,0.0163675086789456,0.02004055235911167
809,0.01587387961307152,0.02004055235911167
810,0.014843476581415325,0.02004055235911167
811,0.017689586090734673,0.02004055235911167
812,0.028949487918678896,0.02004055235911167
813,0.03208236825835659,0.02004055235911167
814,0.0328017225538114,0.02004055235911167
815,0.04020741098028542,0.02004055235911167
816,0.03370662332895417,0.02004055235911167
817,0.0328372897019772,0.02004055235911167
818,0.02327154110105949,0.02004055235911167
819,0.023870798402163707,0.02004055235911167
820,0.02549037770708094,0.02004055235911167
821,0.02396103280120386,0.02004055235911167
822,0.01447276424258824,0.02004055235911167
823,0.01550330929059754,0.02004055235911167
824,0.017435346409897048,0.02004055235911167
825,0.006987435187626892,0.02004055235911167
826,0.008581163575900726,0.02004055235911167
827,0.007819864604483837,0.02004055235911167
828,0.004818279913272337,0.02004055235911167
829,0.011502524719150043,0.02004055235911167
830,0.010397502015007675,0.02004055235911167
831,0.014932653217240832,0.02004055235911167
832,0.01156655246586735,0.02004055235911167
833,0.016049781354563065,0.02004055235911167
834,0.015694798601536275,0.02004055235911167
835,0.01554208746389847,0.02004055235911167
836,0.01886867745772545,0.02004055235911167
837,0.014599061103915562,0.02004055235911167
838,0.009337659443698708,0.02004055235911167
839,0.005660346522831591,0.02004055235911167
840,0.00944182207127125,0.02004055235911167
841,0.013381899758882652,0.02004055235911167
842,0.005759615156355892,0.02004055235911167
843,0.012890398552177362,0.02004055235911167
844,0.012157518122788815,0.02004055235911167
845,0.008574508869271727,0.02004055235911167
846,0.008325183905683639,0.02004055235911167
847,0.005780494267014781,0.02004055235911167
848,0.010857400807896449,0.02004055235911167
849,0.018687666289767573,0.02004055235911167
850,0.02277510342973585,0.02004055235911167
851,0.022827037241851925,0.02004055235911167
852,0.022057993520884955,0.02004055235911167
853,0.018772179834995826,0.02004055235911167
854,0.015668220326718295,0.02004055235911167
855,0.01908881436006693,0.02004055235911167
856,0.01729196831846239,0.02004055235911167
857,0.023832875169959217,0.02004055235911167
858,0.025454587314411373,0.02004055235911167
859,0.02752808855378744,0.02004055235911167
860,0.02247104530207201,0.02004055235911167
861,0.02094173005783645,0.02004055235911167
862,0.026106137451423882,0.02004055235911167
863,0.03011879758231921,0.02004055235911167
864,0.025762637304338757,0.02004055235911167
865,0.022022766709831502,0.02004055235911167
866,0.017048115505073028,0.02004055235911167
867,0.020142054254075406,0.02004055235911167
868,0.018666339750225625,0.02004055235911167
869,0.012543986483757062,0.02004055235911167
870,0.01209181144895814,0.02004055235911167
871,0.012130521210259097,0.02004055235911167
872,0.011754436418053045,0.02004055235911167
873,0.012493652400399596,0.02004055235911167
874,0.01758279959716483,0.02004055235911167
875,0.00742075031307508,0.02004055235911167
876,0.005944580768476634,0.02004055235911167
877,0.014165761317211194,0.02004055235911167
878,0.015696422349636464,0.02004055235911167
879,0.018792771588191606,0.02004055235911167
880,0.016512543010446853,0.02004055235911167
881,0.012524622031058804,0.02004055235911167
882,0.0024965687670666387,0.02004055235911167
883,0.00430216163924554,0.02004055235911167
884,0.004642888620474906,0.02004055235911167
885,0.012931644272183055,0.02004055235911167
886,0.018166009826393572,0.02004055235911167
887,0.029953913701166436,0.02004055235911167
888,0.031126832604237518,0.02004055235911167
889,0.04014347134493238,0.02004055235911167
890,0.04494703061355843,0.02004055235911167
891,0.040386524375354754,0.02004055235911167
892,0.04462906544776456,0.02004055235911167
893,0.04433280727679086,0.02004055235911167
894,0.04079627659680256,0.02004055235911167
895,0.03904826385225352,0.02004055235911167
896,0.035020965428362465,0.02004055235911167
897,0.03282615530743359,0.02004055235911167
898,0.027209371801501805,0.02004055235911167
899,0.027531129148305005,0.02004055235911167
900,0.028103092826072443,0.02004055235911167
901,0.023765750364632892,0.02004055235911167
902,0.028499630317023766,0.02004055235911167
903,0.020117858224521105,0.02004055235911167
904,0.022621189594157053,0.02004055235911167
905,0.024941083740129447,0.02004055235911167
906,0.02061514210948719,0.02004055235911167
907,0.023752294196996083,0.02004055235911167
908,0.025769376503208298,0.02004055235911167
909,0.028345210830090537,0.02004055235911167
910,0.025256902465355304,0.02004055235911167
911,0.030932231497530684,0.02004055235911167
912,0.03181498825304686,0.02004055235911167
913,0.03528967840449832,0.02004055235911167
914,0.03402051180822361,0.02004055235911167
915,0.024471144521677327,0.02004055235911167
916,0.022187729655752664,0.02004055235911167
917,0.015902760567840183,0.02004055235911167
918,0.01440004099557135,0.02004055235911167
919,0.017170863166594778,0.02004055235911167
920,0.028319307501931696,0.02004055235911167
921,0.019452753377393613,0.02004055235911167
922,0.012909954135049844,0.02004055235911167
923,0.010918897180223116,0.02004055235911167
924,0.01411461005075042,0.02004055235911167
925,0.014124635969558963,0.02004055235911167
926,0.014602134479313255,0.02004055235911167
927,0.00826657036092857,0.02004055235911167
928,0.007194107227203436,0.02004055235911167
929,0.00414808143467338,0.02004055235911167
930,0.003264698723558311,0.02004055235911167
931,0.0013660552140132268,0.02004055235911167
932,0.002931608513375018,0.02004055235911167
933,0.003157586709968637,0.02004055235911167
934,0.006093686968256174,0.02004055235911167
935,0.007443380490459394,0.02004055235911167
936,0.011216429292796088,0.02004055235911167
937,0.008794672907505423,0.02004055235911167
938,0.01242552471492165,0.02004055235911167
939,0.005935243280133963,0.02004055235911167
940,0.012796699594903645,0.02004055235911167
941,0.0044459578721071326,0.02004055235911167
942,0.008153110401285602,0.02004055235911167
943,0.01389270202643564,0.02004055235911167
944,0.015036916185312884,0.02004055235911167
945,0.022591419736632957,0.02004055235911167
946,0.02384336602802922,0.02004055235911167
947,0.019027640141238616,0.02004055235911167
948,0.024447060168006338,0.02004055235911167
949,0.023890639735285404,0.02004055235911167
950,0.020590497864929266,0.02004055235911167
951,0.01781011120862264,0.02004055235911167
952,0.010760655804244233,0.02004055235911167
953,0.006232445339610596,0.02004055235911167
954,0.008146336182655381,0.02004055235911167
955,0.0034491699462146524,0.02004055235911167
956,0.013713696143097446,0.02004055235911167
957,0.008715924106078177,0.02004055235911167
958,0.00811427903690439,0.02004055235911167
959,0.01147546426169229,0.02004055235911167
960,0.010249271549595842,0.02004055235911167
961,0.009198549962797448,0.02004055235911167
962,0.004545839568215572,0.02004055235911167
963,0.010664018867316903,0.02004055235911167
964,0.011494572796331254,0.02004055235911167
965,0.0010696346369185805,0.02004055235911167
966,0.00796040543738908,0.02004055235911167
967,0.015094985844834664,0.02004055235911167
968,0.01254959137347387,0.02004055235911167
969,0.0187075535415619,0.02004055235911167
970,0.01803706334757453,0.02004055235911167
971,0.023751161016527418,0.02004055235911167
972,0.025404494765562318,0.02004055235911167
973,0.0232687736826489,0.02004055235911167
974,0.02242266521302484,0.02004055235911167
975,0.027151574000458242,0.02004055235911167
976,0.018122928466922265,0.02004055235911167
977,0.018327610584977286,0.02004055235911167
978,0.017003700633468573,0.02004055235911167
979,0.01839586333748108,0.02004055235911167
980,0.02034457853907676,0.02004055235911167
981,0.0167673213686613,0.02004055235911167
982,0.011377492268405334,0.02004055235911167
983,0.009264949567884416,0.02004055235911167
984,0.009749762728088232,0.02004055235911167
985,0.004870499261060058,0.02004055235911167
986,0.014204765799834485,0.02004055235911167
987,0.008460876593193176,0.02004055235911167
988,0.013982781377575108,0.02004055235911167
989,0.009403550270168351,0.02004055235911167
990,0.016800926821926243,0.02004055235911167
991,0.018732098069232508,0.02004055235911167
992,0.0061107666828252504,0.02004055235911167
993,0.005027789037264935,0.02004055235911167
994,0.010436263433207856,0.02004055235911167
995,0.0035073211341689722,0.02004055235911167
996,0.008946432769200596,0.02004055235911167
997,0.008380188193600698,0.02004055235911167
998,0.000917274053392376,0.02004055235911167
999,0.004771087345530963,0.02004055235911167
1000,0.006216230770283364,0.02004055235911167
1001,0.0032486509274880656,0.02004055235911167
1002,0.005669202181763878,0.02004055235911167
1003,0.003085446742244272,0.02004055235911167
1004,0.010486861247093795,0.02004055235911167
1005,0.0074137100072225745,0.02004055235911167
1006,0.012674325996466633,0.02004055235911167
1007,0.02013848879284841,0.02004055235911167
1008,0.023683798480584887,0.02004055235911167
1009,0.021389074457064762,0.02004055235911167
1010,0.017755203582589505,0.02004055235911167
1011,0.018953187393025404,0.02004055235911167
1012,0.027012616098534673,0.02004055235911167
1013,0.020608267695155547,0.02004055235911167
1014,0.029109312551496576,0.02004055235911167
1015,0.025081470188504436,0.02004055235911167
1016,0.022253290201520958,0.02004055235911167
1017,0.019691407426500572,0.02004055235911167
1018,0.023159185422092252,0.02004055235911167
1019,0.018457824092620485,0.02004055235911167
1020,0.02197004293912438,0.02004055235911167
1021,0.025480283648229556,0.02004055235911167
1022,0.027326034433635377,0.02004055235911167
1023,0.031355063415994894,0.02004055235911167
1024,0.024235413611543355,0.02004055235911167
1025,0.021064734671315942,0.02004055235911167
1026,0.020110972558486016,0.02004055235911167
1027,0.016178268353260555,0.02004055235911167
1028,0.016063740382325435,0.02004055235911167
1029,0.01940046177449137,0.02004055235911167
1030,0.01612412789111144,0.02004055235911167
1031,0.016309235710388635,0.02004055235911167
1032,0.011378569014553608,0.02004055235911167
1033,0.01883409578447622,0.02004055235911167
1034,0.018642230799847802,0.02004055235911167
1035,0.012923844256703159,0.02004055235911167
1036,0.01877845304164668,0.02004055235911167
1037,0.006562781575726231,0.02004055235911167
1038,0.009327479661319998,0.02004055235911167
1039,0.0019970684047224286,0.02004055235911167
1040,0.00617860706498445,0.02004055235911167
1041,0.01410761416979844,0.02004055235911167
1042,0.015830325533162867,0.02004055235911167
1043,0.011903618840009794,0.02004055235911167
1044,0.021510927967322856,0.02004055235911167
1045,0.018734297525291863,0.02004055235911167
1046,0.0234853513660616,0.02004055235911167
1047,0.02568097896688946,0.02004055235911167
1048,0.024159909765307692,0.02004055235911167
1049,0.025914699432553288,0.02004055235911167
1050,0.022695860563939362,0.02004055235911167
1051,0.027474190104078845,0.02004055235911167
1052,0.0284501352036457,0.02004055235911167
1053,0.020429885212613075,0.02004055235911167
1054,0.02253994382920045,0.02004055235911167
1055,0.021315414054775342,0.02004055235911167
1056,0.03055381642438194,0.02004055235911167
1057,0.02851169065408817,0.02004055235911167
1058,0.024740659062940398,0.02004055235911167
1059,0.020674123629957707,0.02004055235911167
1060,0.025323689205332553,0.02004055235911167
1061,0.021853527226075024,0.02004055235911167
1062,0.017871685394341866,0.02004055235911167
1063,0.013691757482290448,0.02004055235911167
1064,0.01420092071503708,0.02004055235911167
1065,0.009629876072642493,0.02004055235911167
1066,0.011507548746692447,0.02004055235911167
1067,0.01668155617616311,0.02004055235911167
1068,0.011660117972787872,0.02004055235911167
1069,0.009463917414067265,0.02004055235911167
1070,0.014351706345364009,0.02004055235911167
1071,0.015409608159311944,0.02004055235911167
1072,0.017101812477984157,0.02004055235911167
1073,0.012301060618752252,0.02004055235911167
1074,0.01823168791305574,0.02004055235911167
1075,0.02690947387210533,0.02004055235911167
1076,0.03385958661899878,0.02004055235911167
1077,0.03730144361461394,0.02004055235911167
1078,0.03554842018986562,0.02004055235911167
1079,0.0372156771238245,0.02004055235911167
1080,0.030576275705459732,0.02004055235911167
1081,0.03151600451455623,0.02004055235911167
1082,0.03190417530300186,0.02004055235911167
1083,0.03324730136003749,0.02004055235911167
1084,0.028566892300658214,0.02004055235911167
1085,0.02757200244905006,0.02004055235911167
1086,0.02597663884162217,0.02004055235911167
1087,0.020275753370472424,0.02004055235911167
1088,0.02058480046889787,0.02004055235911167
1089,0.011779087196345657,0.02004055235911167
1090,0.009519579480002921,0.02004055235911167
1091,0.004135059412387275,0.02004055235911167
1092,0.010661043741347668,0.02004055235911167
1093,0.012997773342414004,0.02004055235911167
1094,0.004570886509891976,0.02004055235911167
1095,0.009192972380910562,0.02004055235911167
1096,0.008367850971628229,0.02004055235911167
1097,0.012917737221510966,0.02004055235911167
1098,0.006991024761602686,0.02004055235911167
1099,0.00582206781056192,0.02004055235911167
1100,0.00627602216889247,0.02004055235911167
1101,0.016299722451502515,0.02004055235911167
1102,0.01779809783590222,0.02004055235911167
1103,0.02638065807908007,0.02004055235911167
1104,0.0295885076466191,0.02004055235911167
1105,0.026624686281687193,0.02004055235911167
1106,0.02436303628313884,0.02004055235911167
1107,0.01882475819193751,0.02004055235911167
1108,0.01693858713515644,0.02004055235911167
1109,0.02056322182202788,0.02004055235911167
1110,0.017026075956160173,0.02004055235911167
1111,0.017321997249805744,0.02004055235911167
1112,0.02242696624125392,0.02004055235911167
1113,0.024308825029640168,0.02004055235911167
1114,0.033639467833088174,0.02004055235911167
1115,0.038229723050082744,0.02004055235911167
1116,0.034978607291535554,0.02004055235911167
1117,0.043860077731279166,0.02004055235911167
1118,0.04938378276784247,0.02004055235911167
1119,0.04811753165860486,0.02004055235911167
1120,0.05026744469312796,0.02004055235911167
1121,0.04729419636988315,0.02004055235911167
1122,0.04763480358480219,0.02004055235911167
1123,0.04023976193405691,0.02004055235911167
1124,0.0328301347973749,0.02004055235911167
1125,0.03179636224781922,0.02004055235911167
1126,0.041848296163857546,0.02004055235911167
1127,0.04238080166665714,0.02004055235911167
1128,0.05363766441355502,0.02004055235911167
1129,0.047794462868916705,0.02004055235911167
1130,0.04479621860589229,0.02004055235911167
1131,0.03715567919061434,0.02004055235911167
1132,0.040481194002470494,0.02004055235911167
1133,0.033572226010794064,0.02004055235911167
1134,0.02109087820496306,0.02004055235911167
1135,0.026190003723150605,0.02004055235911167
1136,0.0219210251166174,0.02004055235911167
1137,0.016835373608509462,0.02004055235911167
1138,0.021435106632399278,0.02004055235911167
1139,0.027714226040297857,0.02004055235911167
1140,0.036839583166244125,0.02004055235911167
1141,0.03036931705710212,0.02004055235911167
1142,0.02592784089260834,0.02004055235911167
1143,0.02295249164288163,0.02004055235911167
1144,0.018892446110636875,0.02004055235911167
1145,0.015619599063170678,0.02004055235911167
1146,0.01338469584058416,0.02004055235911167
1147,0.009682410168490651,0.02004055235911167
1148,0.013377988982390279,0.02004055235911167
1149,0.01833191811564983,0.02004055235911167
1150,0.02541555121410339,0.02004055235911167
1151,0.02487753262183849,0.02004055235911167
1152,0.016758568134612635,0.02004055235911167
1153,0.017085213948595423,0.02004055235911167
1154,0.012646266884809455,0.02004055235911167
1155,0.01204085817005552,0.02004055235911167
1156,0.0186187551545973,0.02004055235911167
1157,0.02570568587548277,0.02004055235911167
1158,0.02668557374708592,0.02004055235911167
1159,0.02074147562839327,0.02004055235911167
1160,0.020906985189833683,0.02004055235911167
1161,0.007558676972718555,0.02004055235911167
1162,0.005213591279983559,0.02004055235911167
1163,0.0042020770166642405,0.02004055235911167
1164,0.002007084409258025,0.02004055235911167
1165,0.003487145127100281,0.02004055235911167
1166,0.005939883111058245,0.02004055235911167
1167,0.012099522952364463,0.02004055235911167
1168,0.010009366778234895,0.02004055235911167
1169,0.007625513352085319,0.02004055235911167
1170,0.0034676186662002044,0.02004055235911167
1171,0.003985075647604291,0.02004055235911167
1172,0.005845632569826427,0.02004055235911167
1173,0.0046595183994068996,0.02004055235911167
1174,0.011285481163965699,0.02004055235911167
1175,0.016872783219651074,0.02004055235911167
1176,0.012460372373718368,0.02004055235911167
1177,0.012307372849446626,0.02004055235911167
1178,0.011612335026105368,0.02004055235911167
1179,0.011075678171168793,0.02004055235911167
1180,0.013681885293029543,0.02004055235911167
1181,0.0028149712134247556,0.02004055235911167
1182,0.004992776569920929,0.02004055235911167
1183,0.012945061050431238,0.02004055235911167
1184,0.015414935589937385,0.02004055235911167
1185,0.008488690098717592,0.02004055235911167
1186,0.011721221759962642,0.02004055235911167
1187,0.009946728445508556,0.02004055235911167
1188,0.018809749623840723,0.02004055235911167
1189,0.02667459746177216,0.02004055235911167
1190,0.026909283244534562,0.02004055235911167
1191,0.020119900245336525,0.02004055235911167
1192,0.016609791260226933,0.02004055235911167
1193,0.019130629692523764,0.02004055235911167
1194,0.018707595063757482,0.02004055235911167
1195,0.017921160830291126,0.02004055235911167
1196,0.011566294329169873,0.02004055235911167
1197,0.01064982259896694,0.02004055235911167
1198,0.011775170365104294,0.02004055235911167
1199,0.018456001772478484,0.02004055235911167
